"relative_path","bytes","sha256"
"CITATION.cff","1013","F7E7D9379D952F91B1E2540C2170C71FA9BD7C49AFA849B0DE8072A15A59F47A"
"code/G3_06C/freeze/source/__init__.py","58","DFC7CF5E5CFDB96B2BD874BCE656754FDDF8403142CCAACB244326EF70A42862"
"code/G3_06C/freeze/source/arithmetic/__init__.py","46","D046BE3274E04B390EE36B04AFF6F9FDFD61BC80D4B982CBC7A7163693FF42F1"
"code/G3_06C/freeze/source/arithmetic/arb_utils.py","4282","BB024B446F41FCB44C9C9E744949E106181A5AFE26527210E73F9D3ACC88CC3B"
"code/G3_06C/freeze/source/b1/__init__.py","159","758F2912C5795E302C61C69066A6B709F0A28634001084F59265D0E5EFA2A33B"
"code/G3_06C/freeze/source/b1/b1_backend.py","10543","F1D524B865AF487513EAF52EE58C38D762F05A2F2F307DD26EF58D22D5ABAE14"
"code/G3_06C/freeze/source/b1r/__init__.py","239","3991FC483428D6EC27F0E579E47448B1E68E4726D5722C9745A5DB84B349F687"
"code/G3_06C/freeze/source/b1r/b1r_backend.py","6094","7C974C1D468682910ACD161100720E79E3579C35623DB25EC2659A5F5BC00D88"
"code/G3_06C/freeze/source/b2/__init__.py","250","29FE078E471718A40D476BC77E2BA2A138377AE687C216D75B38DFAF1FBE1E62"
"code/G3_06C/freeze/source/b2/b2_backend.py","11992","97672A483FAD1A8B5096E6E007220A53BAEEC2C0E4AA94DD93232FC3CCD58367"
"code/G3_06C/freeze/source/block_certificate/__init__.py","182","EA2C204E8FC09A55F72C8C67C0B50211ABF4FF66D6E11C7656F8C35FCA016754"
"code/G3_06C/freeze/source/block_certificate/block_certificate.py","11309","8B724D30EB776D82D9A4B036083E968FF84A393A3629B62A6CD2FB4CE81246A3"
"code/G3_06C/freeze/source/common.py","9799","A40E7FEA39291B55266B6FC1F0C0F17570020976856664434928F7548FB1D466"
"code/G3_06C/freeze/source/final_dispatch.py","6036","24D4802D2C0DF167011FE443FE7B1E571DB764778CF0249BA6D27EFB9F88CAB3"
"code/G3_06C/freeze/source/route_certificate.py","6294","F8B05EF7764AA08E815C2808252913088945A305A201F19ECCCB87954AC147B0"
"code/G3_06F4/source/bound_identity/__init__.py","162","41493764BF8925B6E5AA042FADA3A7F48F7A98EE7B75DF76CFC5F9013D192B71"
"code/G3_06F4/source/bound_identity/bound_identity_v2.py","3808","53FC714FF4C723EE194C9F55F815C49D2E449D405E5121B2EA0F741293956E9A"
"code/G3_06F4/source/development_runner/__init__.py","45","4F329817F47AD5039AA1E69046D89ABDA4E389CB9FD3754A28E1B6541E4E5562"
"code/G3_06F4/source/development_runner/candidate_runner.py","11247","C498DC97A5664FA36B170FA4B1371E7151A297991DF76FB8D90836F70561DCB4"
"code/G3_06F4/source/global_b1/__init__.py","108","B689BEA4420F1E9CF645912C064DF89AB3B8C7BED58B38F7B9EEB9D2286CB6E1"
"code/G3_06F4/source/global_b1/global_b1.py","6995","2CD2F8EF0DE21E24CF3C8CA7864E7DBB749123F8D395B6144E17171E37183B02"
"code/G3_06F4/source/global_b1r/__init__.py","169","1FF660EE2EAFCC6694A7A16A7204718DB50D70534AFAA3536DECDC0ED353379A"
"code/G3_06F4/source/global_b1r/global_b1r.py","5929","4761E9ABF9211D54C500D464E04AFAC3A97BEFBAD8C3549576BAD126677D109A"
"code/G3_06F4/source/historical_block/b1_backend.py","10543","F1D524B865AF487513EAF52EE58C38D762F05A2F2F307DD26EF58D22D5ABAE14"
"code/G3_06F4/source/historical_block/b1r_backend.py","6094","7C974C1D468682910ACD161100720E79E3579C35623DB25EC2659A5F5BC00D88"
"code/G3_06F4/source/historical_block/b2_backend.py","11992","97672A483FAD1A8B5096E6E007220A53BAEEC2C0E4AA94DD93232FC3CCD58367"
"code/G3_06F4/source/historical_block/block_certificate.py","11309","8B724D30EB776D82D9A4B036083E968FF84A393A3629B62A6CD2FB4CE81246A3"
"code/G3_06F4/source/historical_block/common.py","9799","A40E7FEA39291B55266B6FC1F0C0F17570020976856664434928F7548FB1D466"
"code/G3_06F4/source/historical_block/route_certificate.py","6294","F8B05EF7764AA08E815C2808252913088945A305A201F19ECCCB87954AC147B0"
"code/G3_06F4/source/multilevel_dispatch/__init__.py","194","40D6D64704497D61B4AC51BE22C1C270CE2F78897A596C131B6039799E7165B7"
"code/G3_06F4/source/multilevel_dispatch/multilevel_dispatch.py","5447","353F9B212889F00DFD72604328DC93C7B347D376500BD2DA9C3258589E0451C7"
"code/G3_06F4D/freeze/generator/generate_holdout_r6.py","13876","BFA80F654BC53DE328921C461FAC3C1E6CDDB029DC080A748F683FB7141F12D0"
"code/G3_06F4D/freeze/prediction/run_candidate_r6.py","11400","39E0B2D8A8ED8633C17CB38AE063416A0BF88B5EC59277D7787DC6A8BE5106E8"
"code/G3_06F4D/freeze/truth/run_truth_r6.py","12818","B72BC74695DE6683898F008502802DDDC75FA80746AD39484626F9D2ABE3F0C4"
"code/G3_06F4D/freeze/truth/run_truth_r6.py.sha256","82","87731C7EAFBDB5CE7871C28A93C0C27465A2D56097F32A444CF384A1DD2B27C5"
"code/G3_06F4D/qa/r6_analyzer_v1.py","10659","D2A734CC4375931070A9551E209BF32DF71A8ADD3EDD387F4A400880AB652D4F"
"code/G3_06F4D/qa/r6_canonical_row_hash_v1.py","1990","935C7EDB247357FE21600E5BCB0F146525CF0A99FC390A96867CD153AB09A4CB"
"code/G3_06F4D/qa/r6_finalizer_v1.py","2509","F326EC3CDED9E52997F502B0010CFE4432E799AC7B402E84FD5FEEE51B0E833E"
"code/G3_06F4D/qa/r6_identifier_source_audit_v1.py","4484","46F04C175FA5D6BE9B11F58BB6E7FB5B86AAADA09DA8AC7249BFFB0606F70D78"
"code/G3_06F4D/qa/r6_requirement_audit_v1.py","3342","29D202DB94456F69C3F9C82D561D058C994B26CC126A1D02CA83CC1ECF7C9360"
"code/G3_06F4D/qa/r6_truth_input_preflight_v1.py","9531","5955CAABACFBE7E54C55B575D29BCC3D3042A60D99E338DBF22444570384D046"
"code/G3_06F4D/qa/r6_truth_qa_v1.py","7784","3D6726D463D7EAFC7429E7A650796EE3229F8FB391E77C70ABFFDF5D9D41244A"
"code/G3_06F4D/run_r6_predictions.py","5074","9791298D5745242F9BAA5A2CBF2A66F7FC14472B1E204BACCADD3887554FC28A"
"code/G3_07A/freeze/generator/generate_scalability_suite.py","8009","A9A1D89C20987C42A9CC7103DE751D67E17E2303F7FEA9B7EEA286D034779AE9"
"code/G3_07A/freeze/run_scalability_suite.py","8100","48640B135907FA02EF18CFBF5AFE7FE2E874EE62BE2A3BE0E98B2E64B20A0377"
"code/G3_07A/freeze/scalability_contract.py","5606","B0DAF813E2E05EC726CB4A8A051759EA833623CF7D0A276F773A4E7B6D26466C"
"code/G3_07A/freeze/scalability_instrumentation.py","4355","388214ACF0ED2F92C2E89D1C9C7E479B6015C529F8E49E7D1A8B42BC7D53E184"
"code/G3_07C/tools/launch_g3_07d_with_frozen_python.py","14853","C192B4905F22AB2E384E65C4FC34A62712F097A2D4F0794BA65D587ADCE7B36E"
"code/G3_07D/tools/analyze_finalize_g3_07d.py","18458","9C10179CF53827BEAE539DDEDF00D9AC129E753F13C31E612671F3E6F11E7F91"
"code/G3_07D/tools/audit_closeout_g3_07d.py","7786","28CAA3E453AF493B827A7DC879029966FC5EBD18AAD8EF218329FCD5BE76C59A"
"code/G3_07D/tools/audit_handoff_g3_07d.py","8980","069FF53267DC83A873DAAE00C4D6D9C7E4878F2CB9D69F6BF544F55F40D83E44"
"code/G3_07D/tools/build_handoff_g3_07d.py","5760","E55D2C1069FC5B0BB6C43B697F0FB0DCAC1C0605D25D3192BE834C103DF1920F"
"code/G3_07D/tools/closeout_g3_07d.py","8002","632373BAFCB28C8BE152030F9EFD3D495248D72D5A50AF908D57A34F5DEB49B1"
"code/G3_07D/tools/common_g3_07d.py","12803","78BF8D33B018C0A9C03B880217AF4DD59DFD8540B6762D92845B9B134F51581B"
"code/G3_07D/tools/execute_g3_07d.py","14963","4D93577BC5C88B7501FD05EF1CFDFAF6899525A29324027508D45E597A9E6F63"
"code/G3_07D/tools/preexecute_g3_07d.py","14505","E29A914EB7B84EBF995558EE82668739E6578A9533F4807AA6C9CDFB8552AF7F"
"code/G3_07D/tools/selftest_g3_07d.py","2735","2EBEFF53E5C8B627E80A506B0CC68DDC61C5C718CF5FAEF06B57E67325DA318C"
"code/plotting/g3_19_redraw_publication_figures.py","15950","ECAAC43C41F38BCCAD744C3401E368C810209F81C9D524CC871FC72EA60C9442"
"data/benchmark_r6/operands/R6_NONNORMAL_SPARSE_N128_HIGH.json","39951","C77343C345E7312CF7F3ACD4FB77E7665E88311FD4A5E6CF4796F5859C625AF2"
"data/benchmark_r6/operands/R6_NONNORMAL_SPARSE_N128_LOW.json","39867","B4FB85D0E3996E29C185055ABF3E7F9EBD8CC92D496A4768D586B06A3265262C"
"data/benchmark_r6/operands/R6_NONNORMAL_SPARSE_N16_HIGH.json","5974","E5972374C98D0D7B45CF3BB41A26CE6961CF51BCD62D80F2A0B4C74947FCE4FF"
"data/benchmark_r6/operands/R6_NONNORMAL_SPARSE_N16_LOW.json","5968","4031D9D3AD25AA0A40E36460B262CEEEF8196F2407967E4C75DE64001CD4BD7E"
"data/benchmark_r6/operands/R6_NONNORMAL_SPARSE_N32_HIGH.json","10781","A20E08958B2978833C6ED96FDF83258ADD7EBCD872FA85A5F91F4A9FCA73F614"
"data/benchmark_r6/operands/R6_NONNORMAL_SPARSE_N32_LOW.json","10764","487028F2813750B29774AE5E32AF2D96F690B8F39C2011687C3730200189F542"
"data/benchmark_r6/operands/R6_NONNORMAL_SPARSE_N64_HIGH.json","20400","2672BFAD867DFEEB2D32F2042421A96DB22E0ED3A4539720819BBC8BD4F29E4E"
"data/benchmark_r6/operands/R6_NONNORMAL_SPARSE_N64_LOW.json","20355","C17D1AB7C4A6E82C5AC4E8A9B22622B5210A962598EE71EA1B32D2E73B35814D"
"data/benchmark_r6/operands/R6_NONSYMMETRIC_SPARSE_N128_HIGH.json","49541","452E261910C0130DFDC92CAEC02CD51319680C02CCC56065284B9DB2DED6650F"
"data/benchmark_r6/operands/R6_NONSYMMETRIC_SPARSE_N128_LOW.json","49460","B9A35A16B24C0B0F43F5AE2519E121ABEDED80AF3761250DE618CB3E0A6B8ACD"
"data/benchmark_r6/operands/R6_NONSYMMETRIC_SPARSE_N16_HIGH.json","7148","5F33D34772427F44F4876260FFEAA45935BBB9D0088733653EC791D2A9AC1431"
"data/benchmark_r6/operands/R6_NONSYMMETRIC_SPARSE_N16_LOW.json","7123","53E5E7C06E514BCA25323CB49A3E6E659FB5BEDD6B7CD58F16A43264C1EBD209"
"data/benchmark_r6/operands/R6_NONSYMMETRIC_SPARSE_N32_HIGH.json","13146","EEF6E06EB8D042BB5CE73EFB5820479B777428FDDE53A0AA61860B510B779AEA"
"data/benchmark_r6/operands/R6_NONSYMMETRIC_SPARSE_N32_LOW.json","13135","24712FA8AD07810BD8C5734BA5A96F6D62F63F3B0125E49DCC653C3A88350463"
"data/benchmark_r6/operands/R6_NONSYMMETRIC_SPARSE_N64_HIGH.json","25132","1CAF8B17AB7DB03F7B771CB0E7CA8A5E921B78A8BBB0179954C7B3E9790267B3"
"data/benchmark_r6/operands/R6_NONSYMMETRIC_SPARSE_N64_LOW.json","25098","D8962A1056CD68D58DF417EFE08B43104364700202E78308F7097E49E8959AEF"
"data/benchmark_r6/operands/R6_SADDLE_POINT_LIKE_N128_HIGH.json","49699","570AB4FBE76C08F6C46ACA44F4605860930335271C4E0D47713A3B48A6883884"
"data/benchmark_r6/operands/R6_SADDLE_POINT_LIKE_N128_LOW.json","49662","D1FF7BDADAE2CB75D200A818C35EAADD23135704EC128919413CE3988E4C4AD7"
"data/benchmark_r6/operands/R6_SADDLE_POINT_LIKE_N16_HIGH.json","7163","13B9DCAC92B1A2972306CDE209E20BD52A7447DBD84D08264595D3E5C18E0125"
"data/benchmark_r6/operands/R6_SADDLE_POINT_LIKE_N16_LOW.json","7150","5107FB0E92830BD674C6536420E4A8CDFF85CF373E51F66C836219B9A975ABF9"
"data/benchmark_r6/operands/R6_SADDLE_POINT_LIKE_N32_HIGH.json","13177","B6038D393CE7265F695CBF0918FAE9698CBA4EAB89E885A8C1CE4095110A5D3C"
"data/benchmark_r6/operands/R6_SADDLE_POINT_LIKE_N32_LOW.json","13152","3296181229D0C5B38AFC48E1426372050546C1CF1706055CEC379C575B96EE6A"
"data/benchmark_r6/operands/R6_SADDLE_POINT_LIKE_N64_HIGH.json","25246","6314CABF6B60A701257C14287E3DB732372094075E3AE3931366A893196CFB81"
"data/benchmark_r6/operands/R6_SADDLE_POINT_LIKE_N64_LOW.json","25180","8B947D7092AFB203361DE5DE6862E3D721939DBDE3B9168A1C67B9408E69ADC0"
"data/benchmark_r6/operands/R6_SPD_SPARSE_N128_HIGH.json","49511","774FC71260255FE624F26EE2C2A71DAFCCF13381259B80A9E21A1594DDB52D9B"
"data/benchmark_r6/operands/R6_SPD_SPARSE_N128_LOW.json","49448","B3D3A9CAD9EF4FF7AA2CE22F2F9BBD488F1BE0FB2F0299F79B7DDE5629559873"
"data/benchmark_r6/operands/R6_SPD_SPARSE_N16_HIGH.json","7119","203116169732D102DD3EA5BBA78CA60731AC5F6CE93A4D4CC44401A8CA9E5B6B"
"data/benchmark_r6/operands/R6_SPD_SPARSE_N16_LOW.json","7109","577B47D3E074198B3A30899882813325663D91B9BBF1EE08D5FF987FA4D65135"
"data/benchmark_r6/operands/R6_SPD_SPARSE_N32_HIGH.json","13120","9FB08D082F977A10EE42D0AD6357713C16980441CF2B6A80BBBBBE9AC2F87B09"
"data/benchmark_r6/operands/R6_SPD_SPARSE_N32_LOW.json","13093","B0F6F6E93C01861E5DF09D7461549A2728FE753C5EBF3D15C00005DC62C020E4"
"data/benchmark_r6/operands/R6_SPD_SPARSE_N64_HIGH.json","25105","15E0FE266F6757C3C430DE57F1588DB26F46F7984819BC29208A7779B3E1612A"
"data/benchmark_r6/operands/R6_SPD_SPARSE_N64_LOW.json","25072","5827FB4999C59A480A3D13696F8F6CC0017872FD18D9F7CAC134C5A4B538CFA4"
"data/benchmark_r6/operands/R6_THREE_FIELD_MIXED_SCALE_N128_HIGH.json","69029","AF1FA6A8D61BF3EEA29ED4576D0CFE0A808C7274F073E91A8F3DC96B107E951D"
"data/benchmark_r6/operands/R6_THREE_FIELD_MIXED_SCALE_N128_LOW.json","68992","EC0E2FE650D89F3EE9321090150C3CB34CA5188D01BD3973C847F8783AC183B5"
"data/benchmark_r6/operands/R6_THREE_FIELD_MIXED_SCALE_N16_HIGH.json","9271","BF436993466FE460E7442643AD171CF5F547165A6D5C3169DCBE1488BAC0C9A6"
"data/benchmark_r6/operands/R6_THREE_FIELD_MIXED_SCALE_N16_LOW.json","9266","54FBE9BCDD5D8C012764B790C76C30A13F5C388F83210B704E2D62377CB5A386"
"data/benchmark_r6/operands/R6_THREE_FIELD_MIXED_SCALE_N32_HIGH.json","17724","748B9160696D62F669798E2973EEC04A76032C22A60ED4BF3F234DD927E939E9"
"data/benchmark_r6/operands/R6_THREE_FIELD_MIXED_SCALE_N32_LOW.json","17721","324B0C9FADA8FF5FCA75A55BCACB24DDDADFBBD210AF96B566D948089F950C1B"
"data/benchmark_r6/operands/R6_THREE_FIELD_MIXED_SCALE_N64_HIGH.json","34636","B5B6926A8CBC8BABA3A3377669F5B1BE504D6A834DAFE539756D93C62D9A0ECB"
"data/benchmark_r6/operands/R6_THREE_FIELD_MIXED_SCALE_N64_LOW.json","34656","0D5BA0622609A3BB10E8DF01F15545125AF9BF118E001BA2D8EFFB197431C24E"
"data/benchmark_r6/results/04_G3_06F4D_R6_OPERAND_MANIFEST.csv","11894","F895A812860587597DC333F9FD0BDA79762776D8F0E3E729BC90FA03F34B4969"
"data/benchmark_r6/results/07_G3_06F4D_R6_predictions.json","5408732","835A80CD0B9C089D64EDFFCAD41CBAB16F0D67E5EA118128EFA2B4E04B510CCD"
"data/benchmark_r6/results/08_G3_06F4D_prediction_manifest.csv","16434","C0C418BC45EEE223C9F475B7679F3707E3950A8FE9B8DEF404E5572A4560DAED"
"data/benchmark_r6/results/16_G3_06F4D_R6_truth_results.json","57383","8689ABC3ABFDE46C7B9A958AE6D23D3928EE889F75E3DD11BE4CAAF94D9EB336"
"data/benchmark_r6/results/17_G3_06F4D_truth_manifest.csv","25541","237C063B625D51E81B561BF99C9D6F020C86FBAB9581AE4E1344313595D98527"
"data/benchmark_r6/results/18_G3_06F4D_R6_TRUTH_QA.json","1627","B0DD7B77F2003954EB7B200CCC30104C0C3494B9507303506BA9146F93FA17F6"
"data/benchmark_r6/results/19_G3_06F4D_R6_EXECUTION_CONTRACT.md","961","74B8D5A2FA6751B6CA3927D3B4A49CC77B82992CC8771D060C60D3D861D16276"
"data/benchmark_r6/results/19_G3_06F4D_R6_TRUTH_QA_REPORT.md","1238","1BBB841638EA1B65E800F973ED8E0202C153B3F17273E83DB3510F0F9377D9F4"
"data/benchmark_r6/results/20_G3_06F4D_POSTTRUTH_ANALYSIS.json","2053","4A06FBD9987CEEC69FE326F3CD80DE091A8A28D63783DCDC2554FD52BBD6B4B3"
"data/benchmark_r6/results/37_G3_06F4D_FINAL_CLASSIFICATION.json","1517","BA62ED5E769E8BECBCD3A0F645B7F06A7FAB139E67D1C9399E515B41373DE5B3"
"data/figures/FIG03_development_selection.csv","839","D758DC7F73BBE43E6C9B896A8BC1F4B341111B5BF397B90244A314977AD7D7CB"
"data/figures/FIG04_R6_confirmatory_lane_summary.csv","367","790C81FCBA62CB23C4FF0A95A09E5257434651228E989D6245D1305168964AC4"
"data/figures/FIG04_R6_confirmatory_optional_categories.csv","97","18D9C5AB01342BCE298045A5585267146EC43ACA2C043869C12F527845EA106D"
"data/figures/FIG05_FE_challenge_transfer_results.csv","2886","46C3438B2F4F8EFEE37346DC5A984FC5A96B2921F05C00954AC76B743908249D"
"data/figures/FIG05_FE_challenge_transfer_transition.csv","1132","F7B2E98B6C7C60EC457418750C01E48A88C9C956E83BB5ED822F82C65E9EC289"
"data/figures/FIG06_scalability_availability_boundaries.csv","577","FE41AD075EAF5784E1D1B0131DC8706FE3BB74FBF40ED27952872D016BFA87F1"
"data/figures/FIG06_scalability_availability_by_n.csv","489","34A68D282E486DE29609A6890745C10D97835DA50131057F66AEC98CF322C5E7"
"data/figures/FIG07_scalability_walltime_complete.csv","3705","7AB8629FB19AD13E5A862733F562E1B9D75ADB03EE716C89C83197824D7D37D2"
"data/figures/FIG07_scalability_walltime_registered_slopes.csv","7183","48F6528AA436610F18D32423352FD9A4DE1ECA66D4E8724C5FDFB37024CB36D2"
"data/figures/FIG08_scalability_cost_anatomy_lane_fraction.csv","6823","C49A0D29544EDE2947C77139B557E877A6328A7A0FDE99598758A1D5FECF561A"
"data/figures/FIG08_scalability_cost_anatomy_sparsity_memory.csv","15630","59409BCE637FCC27F521BF988968D0B94A58B6AC4BCC5197331E863D0FF43D14"
"data/scalability/operands/SCAL_SADDLE_POINT_LIKE_HIGH_N1024.json","399387","22503E43AE8134321E626EE149864099802F9259B2D1D981B4F34717EFD9C5E1"
"data/scalability/operands/SCAL_SADDLE_POINT_LIKE_HIGH_N1536.json","606516","F737317202FC26F4A32A702F9943033EFC04EC1678659E150DCFE6E79A6B7939"
"data/scalability/operands/SCAL_SADDLE_POINT_LIKE_HIGH_N2048.json","813440","9B8A6EAA870222B1D78266B278363D03CE1FB36B773F2990899161F2B39F44A0"
"data/scalability/operands/SCAL_SADDLE_POINT_LIKE_HIGH_N256.json","99175","353D36B58299C1CE9709FD10D6FB5343D6EE76EF69FCF681C788EB8A0FB54F73"
"data/scalability/operands/SCAL_SADDLE_POINT_LIKE_HIGH_N3072.json","1227447","C0CF2D0443F266CB895125CE59AC78DD582EC5560CD5759AF93DD8AFB22F8B86"
"data/scalability/operands/SCAL_SADDLE_POINT_LIKE_HIGH_N4096.json","1641827","6C0FA90AEFF02B8508F3D52980D6D6A384CE7F14F80614718B7D1695D20F27F4"
"data/scalability/operands/SCAL_SADDLE_POINT_LIKE_HIGH_N512.json","199150","D9060C1993684B7AC7043F28541CFDA235CF0681F0F24FEC5798886318AB52A2"
"data/scalability/operands/SCAL_SADDLE_POINT_LIKE_LOW_N1024.json","398863","6B68C8C709FAD11469C1A84FCAC9D897936ABCF957A49269A11A3A7F2DF37A4E"
"data/scalability/operands/SCAL_SADDLE_POINT_LIKE_LOW_N1536.json","605758","C551DCBE9AA5739DB024BCC8AB93661A1F85A9EB4228B19262620677063B969D"
"data/scalability/operands/SCAL_SADDLE_POINT_LIKE_LOW_N2048.json","812792","5E31AA3B606096AD40B21F1EFFD70FE46FDB96F748310FB8BF9183C3D08C9A43"
"data/scalability/operands/SCAL_SADDLE_POINT_LIKE_LOW_N256.json","99076","488B593ED5A6FFBCB9BAAC79A43A66BF37842450ED0FC6E1CDC8D4D92C9FECD5"
"data/scalability/operands/SCAL_SADDLE_POINT_LIKE_LOW_N3072.json","1226425","A67DC1C468C7084C2E50EF9653AE25EEAB1B3E554F2FE61584456327CDE0F47D"
"data/scalability/operands/SCAL_SADDLE_POINT_LIKE_LOW_N4096.json","1640052","DE514F0FD6F6927B665548FA08329137D7748F80E91CA2722351674422FBB207"
"data/scalability/operands/SCAL_SADDLE_POINT_LIKE_LOW_N512.json","198956","4DAD34677108B76291E5CB0B63463A293E7D513E295C6904DCDACF58653C6A5C"
"data/scalability/operands/SCAL_THREE_FIELD_MIXED_SCALE_HIGH_N1024.json","560634","209A9D1DDFF18AE7F07C858E41054B23444F964DB7511000D402CE3271A8DD27"
"data/scalability/operands/SCAL_THREE_FIELD_MIXED_SCALE_HIGH_N1536.json","852147","2F6D6CFC679387F53201E77E8A250380DEB84D8C826694F767043D1F6FA49215"
"data/scalability/operands/SCAL_THREE_FIELD_MIXED_SCALE_HIGH_N2048.json","1143052","CE78F5DD3B92890D4BEE22B9802DFB85D8B60A60C5358356EA46FC482A48C6F3"
"data/scalability/operands/SCAL_THREE_FIELD_MIXED_SCALE_HIGH_N256.json","138831","69AC4888D7F1674BEBB1D0FAC45472364E50B744497E7502270159B08640BD63"
"data/scalability/operands/SCAL_THREE_FIELD_MIXED_SCALE_HIGH_N3072.json","1725874","D6B382D67DB991307E4037D583FD382E0B4DFFB756E75819C6F819D77EE2A429"
"data/scalability/operands/SCAL_THREE_FIELD_MIXED_SCALE_HIGH_N4096.json","2307941","E972C0F250729AF2B2D79ECA6E348268737D80B33059086238ABFFA1E8817BB3"
"data/scalability/operands/SCAL_THREE_FIELD_MIXED_SCALE_HIGH_N512.json","279232","66D7E6EDF0292F0AE2391F9F17549D63B4F05C03049D1A2E508AC6DA5ACC16E6"
"data/scalability/operands/SCAL_THREE_FIELD_MIXED_SCALE_LOW_N1024.json","560708","979E8732982B50233495E3723F2178A288B3778EFCE33BB7DD91D2826276E3D1"
"data/scalability/operands/SCAL_THREE_FIELD_MIXED_SCALE_LOW_N1536.json","852052","95C69B7C4D95F502A909A58E02156FC1F1F418C78A99ABEB582FA97956518710"
"data/scalability/operands/SCAL_THREE_FIELD_MIXED_SCALE_LOW_N2048.json","1142847","339F0E3E642D06CB43D8341FE816468CD91DA3AC77C4F40668F30B182208DBD8"
"data/scalability/operands/SCAL_THREE_FIELD_MIXED_SCALE_LOW_N256.json","138770","4DAF6D1236FB9C37F8B4F01CD9C5AC9DDD50E2B47B5EE791D574CDF0F2F43A57"
"data/scalability/operands/SCAL_THREE_FIELD_MIXED_SCALE_LOW_N3072.json","1725584","9C7581B40E9B38DBFA97B82DD32BF575486E65E26778C8037731541515F80AE2"
"data/scalability/operands/SCAL_THREE_FIELD_MIXED_SCALE_LOW_N4096.json","2307667","3D46C8CDE9A0E95A6915FE8FF60A8E40B78CA9317ED061E6C1752BF78C98D67F"
"data/scalability/operands/SCAL_THREE_FIELD_MIXED_SCALE_LOW_N512.json","279205","6F3159F1FEEFDF097B0A8B345D0B5EC711494D423E60A5CC2E9D34831A410F9F"
"data/scalability/results/04_G3_07D_SCALABILITY_OPERAND_MANIFEST.csv","233826","B4DE7C53DF63B803750CA8F8CACDFA0883F5509ED4059BB418E583A43AE5AD42"
"data/scalability/results/07_G3_07D_PROCESS_A_RESULTS.json","6349168","9EFCDD04EA6D70755C1780F6A2C93E8B3BA7B2BA00F6A6AFDFCCA991C8023812"
"data/scalability/results/08_G3_07D_PROCESS_B_RESULTS.json","6349202","F14C015EB5B11A3443FB898F5768DCD5A13E11BA2BE40920AC2ACABFCEE62D29"
"data/scalability/results/09_G3_07D_RAW_EXECUTION_RESULTS.csv","264091","A39DA72207E4A3BB66889A7B94801F4091FCABD3376FC1FB600C5B4089C6326F"
"data/scalability/results/10_G3_07D_REPEATABILITY_AND_CENSOR_RECONCILIATION.csv","16334","F4252A7645977E50914B743614F7A586681C72CAB0A1168A03D8DE881ED83969"
"data/scalability/results/11_G3_07D_CANONICAL_SCALABILITY_RESULTS.csv","13264","9B9D8D355AA2E4EFA3455072763AB252AE5DD39CFED80CEA54840ADA731AE16E"
"data/scalability/results/12_G3_07D_AVAILABILITY_BY_SIZE.csv","489","34A68D282E486DE29609A6890745C10D97835DA50131057F66AEC98CF322C5E7"
"data/scalability/results/13_G3_07D_COST_AND_SPARSITY_RESULTS.csv","15504","7BA2983A24AA811B7290617B52F8134DD87BCD2A1E3D9981D3F56D231B480BE3"
"data/scalability/results/14_G3_07D_EMPIRICAL_SCALING_REGRESSIONS.csv","7198","723761D086ABAF441928A259CBF9FFE09E45BDD2421BF8D96CCEC85004B26E33"
"data/scalability/results/15_G3_07D_ADJACENT_SIZE_DIAGNOSTICS.csv","6562","31E85F064692AB9D80476DFCFF35B9274E89D634A263F58C0AAEC53CF58A19F2"
"data/scalability/results/16_G3_07D_LARGEST_COMPLETE_SIZES.csv","530","555F868212919C209AE156D41E6133749949F2F32018CB22E5592C4BE16DC0F0"
"data/scalability/results/18_G3_07D_RESOURCE_BOUNDARY_REPORT.md","790","1D4082692DE74CC69FFC971F0320F1562F76958BCFC0B7A8AF00AC6A6C67D9F5"
"data/scalability/results/19_G3_07D_OPTIONAL_BLOCK_SCALABILITY_REPORT.md","406","E4E5E680BEAA3D8DC0800535E183548C5946EA638E88601896B569039A604FE0"
"data/scalability/results/21_G3_07D_SCALABILITY_SUMMARY.json","8403","BAA8336E8973CFCF311DE0F399AF4A9C3C3B8F453BEA51A7B9380F144DF24B67"
"data/tables/block_effectivity_by_family_route.csv","923","42798F7CB7B3535D00ED86DE3F711D097D49E0255CCB0BA7DEC1FE7B71050A30"
"data/tables/block_effectivity_detail.csv","11427","DCFE045A0A2CFEFF1C1D520C4EE1097AED3D82DDFFD64A13CADF021C80E5B5B0"
"data/tables/TABLE01_method_semantics.csv","744","3B170104E7D73DD48E74AE629AF5731A39DE8F8166D5CA313008E3544FD71233"
"data/tables/TABLE02_architecture_freeze.csv","547","A1E93D74ACAB160D93E6CD65807464264588F0529543BDDB4A3694C203721C60"
"data/tables/TABLE03_R6_confirmatory.csv","544","05DCFFD7DB92111761253C7DB051DD02E478B6F1C69038E81A01DDD698E43CF2"
"data/tables/TABLE04_FE_challenge.csv","1259","E3258AAE76C74542E77D2DA3188F7B6632FC98B5E220DEAABB859D21E1F3AF9C"
"data/tables/TABLE05_scalability_by_n.csv","1027","593C39D16A062F11DED35DD5E55B4D1C16597D44C5970657060A11D8F5B591A0"
"data/tables/TABLE06_scaling_slopes.csv","2309","26077B1A1B1A4F5BEF453F2C7721AFB8A74DA056F2BE895921A8AE2382EF98B1"
"docs/M8_M16_PROVENANCE.md","708","569ACB4C21BD7E5DF4EC0AE96CDD61326AC1F6FF1C959A4A2F16E4A7A07BEF7C"
"docs/PUBLIC_SCOPE.md","590","D8245BF7F850A9C8CB3A78DFE5BDFA0907CDA524CD732051D5B78FEED52F3CCB"
"environment/environment.json","549","550A7486987066F4B4F4C13203D65B89EF6316D93C703AF3E3B73D4288A8FEC7"
"generated_figures/FIG01_final_architecture.pdf","25053","BEAF40E2505CE31F3B6337F6944CB5D48934121B185DB81176725211D94CDFBF"
"generated_figures/FIG01_final_architecture.png","94897","568EA429BDC88E3FB5AF716DB71806AA1BD3A21318D03FC6F7C22EF10B9CCE45"
"generated_figures/FIG02_sparse_certificate_method.pdf","27357","910DA8F6B3F28F09BF1BACE1D4C2413AC7B6979F577EEDD69067223E6FA8A09B"
"generated_figures/FIG02_sparse_certificate_method.png","86569","1C4E8848539D533A537C9CF11CBA91151201260D2C456381C570E5F7AB2E897F"
"generated_figures/FIG04_R6_confirmatory.pdf","55099","1A8004601D0CE12DD3A24FAEBF3E06F8C0C1AC8063345F8B369D76D0AA650773"
"generated_figures/FIG04_R6_confirmatory.png","94806","54447B7308EA826596D0B6A913A289FA194D99D84E9A2733285A2C92BEE32CCA"
"generated_figures/FIG05_FE_challenge_transfer.pdf","61444","9DC46CFF529A22AAEC72A659A34EEFDA9D8BFF4171129A99853EFD4703F14D98"
"generated_figures/FIG05_FE_challenge_transfer.png","140349","FF5FA93F3F17E49834CA9755C7417C7458CA606184968D4C8BFD827A1B0718F8"
"generated_figures/FIG06_scalability_availability.pdf","57257","54955DDBA339D2350510311F84A4F1D4F32F9EE0FD07FDB922513B18677FE370"
"generated_figures/FIG06_scalability_availability.png","100797","7316E9EB06685CD9F383802F851FB7E44D10FA86A78556A80449E9473A83933C"
"generated_figures/FIG07_scalability_walltime.pdf","51496","CFB5DA894ECBFE052CE7837B869AA32275A91EB71D7367983C8D1CCD8338C573"
"generated_figures/FIG07_scalability_walltime.png","129917","C7E640E485690DBF26238F8C7E92D68902FDA5CE8306CE2A404845B48093EAC5"
"generated_figures/FIG08_scalability_cost_anatomy.pdf","59995","B074EC3F221CFC8FA4BFC23607D04609B1AD63FD652A19D9C85C6E659D1D2B1B"
"generated_figures/FIG08_scalability_cost_anatomy.png","160739","28B935455E2300973507DC743502C90DDC90601DFF0A3DC0192310747E19CFD0"
"LICENSE-CODE","1102","FA97A28EB90C26B02687095228EDA3AED7736ECC0FB2EB3A0E59BDD687153427"
"LICENSE-DATA","394","1E1B1D697C69F9F95D25A038B58DA6E46DA52EDA4CD7CB93093E858FD3F8E85C"
"README.md","3169","8CCF1E25559347E1B8507B740FA00374508B9D3030A97D5274FFD7FE3C4816BE"
"requirements.txt","82","C37E4625722CCCF5C1C195940090548F32E003B14D2A3E4F12DBEC7530E655A4"
